"","ID","TMC","Severity","Distance(mi)","Description","Street","Side","City","County","State","Temperature(F)","Wind_Chill(F)","Humidity(%)","Pressure(in)","Visibility(mi)","Wind_Direction","Wind_Speed(mph)","Precipitation(in)","Weather_Condition","Amenity","Bump","Crossing","Give_Way","Junction","No_Exit","Railway","Roundabout","Station","Stop","Traffic_Calming","Traffic_Signal","Turning_Loop","Sunrise_Sunset","Civil_Twilight","Nautical_Twilight","Astronomical_Twilight","Total_Time"
"1","A-6",201,3,0.01,"Accident on I-270 Outerbelt Northbound near Exit 29 OH-3 State St. Expect delays.","Westerville Rd","R","Westerville","Franklin","OH",37.9,35.5,97,29.63,7,"SSW",3.5,0.03,"rain",FALSE,FALSE,FALSE,FALSE,FALSE,FALSE,FALSE,FALSE,FALSE,FALSE,FALSE,FALSE,FALSE,"Day","Day","Day","Day",30
"2","A-10",201,3,0.01,"Right hand shoulder blocked due to accident on I-270 Outerbelt Westbound at Exit 29 OH-3 State St.","Westerville Rd","R","Westerville","Franklin","OH",37.4,33.8,100,29.62,3,"SSW",4.6,0.02,"rain",FALSE,FALSE,FALSE,FALSE,FALSE,FALSE,FALSE,FALSE,FALSE,FALSE,FALSE,FALSE,FALSE,"Day","Day","Day","Day",30
"3","A-12",241,3,0.01,"One lane blocked due to accident on I-70 Westbound at Exits 110 110A 110B Brice Rd. Expect delays.","I-70 E","R","Reynoldsburg","Franklin","OH",37.4,33.8,100,29.62,3,"SSW",4.6,0.02,"rain",FALSE,FALSE,FALSE,FALSE,TRUE,FALSE,FALSE,FALSE,FALSE,FALSE,FALSE,FALSE,FALSE,"Day","Day","Day","Day",30
"4","A-15",201,2,0.01,"Accident on OH-16 Broad St at James Rd. Expect delays.","E Broad St","L","Columbus","Franklin","OH",37.4,33.8,100,29.62,3,"SSW",4.6,0.02,"rain",FALSE,FALSE,FALSE,FALSE,FALSE,FALSE,FALSE,FALSE,FALSE,FALSE,FALSE,TRUE,FALSE,"Day","Day","Day","Day",30
"5","A-21",201,2,0,"Accident on Brookhill Dr at Glenhurst Ct.","Brookhill Dr","R","Columbus","Franklin","OH",33.8,29.6,100,29.62,2,"NNW",4.6,0.01,"snow",FALSE,FALSE,FALSE,FALSE,FALSE,FALSE,FALSE,FALSE,FALSE,FALSE,FALSE,FALSE,FALSE,"Day","Day","Day","Day",30
"6","A-23",201,2,0.01,"Accident on OH-741 Springboro Pike at Lyons Rd. Expect delays.","Springboro Pike","R","Miamisburg","Montgomery","OH",35.1,28.6,89,29.65,6,"WSW",8.1,0.02,"cloudy",FALSE,FALSE,FALSE,FALSE,FALSE,FALSE,FALSE,FALSE,FALSE,FALSE,FALSE,FALSE,FALSE,"Day","Day","Day","Day",30
"7","A-24",201,3,0.01,"Accident on I-71 Northbound at Exit 113 Silver Dr. On exit ramp.","North Fwy S","R","Columbus","Franklin","OH",37,32.4,96,29.63,8,"West",5.8,0,"cloudy",FALSE,FALSE,FALSE,FALSE,FALSE,FALSE,FALSE,FALSE,FALSE,FALSE,FALSE,FALSE,FALSE,"Day","Day","Day","Day",45
"8","A-26",201,2,1.32,"Accident on County Hwy-16 Sportsman Club Rd between Liberty Ridge Ct and Nichols Ln.","Sportsman Club Rd","L","Johnstown","Licking","OH",37.9,34.4,100,29.6,5,"West",4.6,0.01,"snow",FALSE,FALSE,FALSE,FALSE,FALSE,FALSE,FALSE,FALSE,FALSE,FALSE,FALSE,FALSE,FALSE,"Day","Day","Day","Day",30
"9","A-27",201,2,0,"Accident on Irving Ave at Wilmington Ave.","Irving Ave","R","Dayton","Montgomery","OH",36,29,86,29.63,7,"West",9.2,0,"snow",TRUE,FALSE,FALSE,FALSE,FALSE,FALSE,FALSE,FALSE,FALSE,FALSE,FALSE,TRUE,FALSE,"Day","Day","Day","Day",45
"10","A-28",201,2,0,"Accident on Helena St at OH-48 Main St.","W Helena St","R","Dayton","Montgomery","OH",39.9,32.9,70,29.61,10,"WNW",11.5,0,"cloudy",FALSE,FALSE,FALSE,FALSE,FALSE,FALSE,FALSE,FALSE,FALSE,FALSE,FALSE,FALSE,FALSE,"Day","Day","Day","Day",45
"11","A-31",201,2,0.01,"Accident on Frantz Rd Southbound at Bradenton Ave.","Frantz Rd","R","Dublin","Franklin","OH",37,31.6,89,29.61,10,"West",6.9,0,"cloudy",FALSE,FALSE,FALSE,FALSE,FALSE,FALSE,FALSE,FALSE,FALSE,FALSE,FALSE,TRUE,FALSE,"Day","Day","Day","Day",30
"12","A-32",201,2,0,"Accident on Powell Rd at Bellefontaine Rd. Approach with care.","Bellefontaine Rd","L","Dayton","Montgomery","OH",34.2,31.2,97,29.66,10,"NW",3.5,0.02,"rain",FALSE,FALSE,FALSE,FALSE,FALSE,FALSE,FALSE,FALSE,FALSE,FALSE,FALSE,FALSE,FALSE,"Day","Day","Day","Day",45
"13","A-35",201,2,0.01,"Accident on OH-315 Olentangy Fwy Eastbound at Cannon Dr.","Olentangy Fwy N","R","Columbus","Franklin","OH",33.1,26.1,92,29.63,7,"WNW",8.1,0,"snow",FALSE,FALSE,FALSE,FALSE,FALSE,FALSE,FALSE,FALSE,FALSE,FALSE,FALSE,FALSE,FALSE,"Night","Night","Night","Night",45
"14","A-36",201,2,1.09,"Right lane blocked due to accident on OH-315 Olentangy Fwy Northbound between Cannon Dr and Lane Ave.","Olentangy Fwy S","R","Columbus","Franklin","OH",33.1,25.5,92,29.63,9,"WNW",9.2,0,"cloudy",FALSE,FALSE,FALSE,FALSE,FALSE,FALSE,FALSE,FALSE,FALSE,FALSE,FALSE,FALSE,FALSE,"Night","Night","Night","Night",137
"15","A-39",201,2,0.01,"Accident on Leo St at Kiser St. Expect delays.","Kiser St","R","Dayton","Montgomery","OH",22.8,11.5,89,29.69,4,"SW",11.5,0,"snow",FALSE,FALSE,FALSE,FALSE,FALSE,FALSE,FALSE,FALSE,FALSE,FALSE,FALSE,FALSE,FALSE,"Night","Night","Night","Night",30
"16","A-40",201,3,0.01,"Accident on I-670 Northeast Fwy Eastbound near I-270 Outerbelt Exits 35A 35B. Expect delays.","Stelzer Rd","R","Columbus","Franklin","OH",26.6,18.2,86,29.62,1.5,"West",8.1,0.01,"snow",FALSE,FALSE,FALSE,FALSE,FALSE,FALSE,FALSE,FALSE,FALSE,FALSE,FALSE,FALSE,FALSE,"Night","Night","Night","Night",30
"17","A-41",201,2,0,"Accident on Monroe Rd near Shaker Run Rd. Expect delays.","Monroe Rd","R","Lebanon","Warren","OH",21,10.6,85,29.67,0.8,"SW",9.2,0.01,"snow",FALSE,FALSE,FALSE,FALSE,FALSE,FALSE,FALSE,FALSE,FALSE,FALSE,FALSE,FALSE,FALSE,"Night","Night","Night","Night",30
"18","A-42",201,2,0.01,"Accident on Stanley Ave at Kuntz Rd.","Air City Ave","R","Dayton","Montgomery","OH",23,12.4,86,29.71,3,"SW",10.4,0,"snow",FALSE,FALSE,TRUE,FALSE,FALSE,FALSE,FALSE,FALSE,FALSE,FALSE,FALSE,FALSE,FALSE,"Night","Night","Night","Night",30
"19","A-43",201,2,0.01,"Accident on OH-72 State Route 72 Northbound at Point Isabel Rd.","S State Route 72","R","Sabina","Clinton","OH",19.9,6.7,89,29.75,1.8,"WSW",13.8,0,"snow",FALSE,FALSE,FALSE,FALSE,FALSE,FALSE,FALSE,FALSE,FALSE,FALSE,FALSE,FALSE,FALSE,"Night","Night","Night","Night",30
"20","A-44",201,3,0.01,"Accident on I-270 Outerbelt near Exit 39 OH-16 Broad St.","E Broad St","R","Columbus","Franklin","OH",25,15.5,88,29.65,1,"SW",9.2,0.02,"snow",FALSE,FALSE,FALSE,FALSE,TRUE,FALSE,FALSE,FALSE,FALSE,FALSE,FALSE,FALSE,FALSE,"Night","Night","Night","Day",30
"21","A-45",201,3,0.01,"Accident on I-75 Northbound at Exit 59 Wyse Rd. Expect delays.","Benchwood Rd","R","Dayton","Montgomery","OH",23,10.1,88,29.66,2,"West",15,0,"snow",FALSE,FALSE,FALSE,FALSE,FALSE,FALSE,FALSE,FALSE,FALSE,FALSE,FALSE,FALSE,FALSE,"Night","Night","Night","Day",30
"22","A-46",201,3,0.01,"Accident on I-70 Eastbound at Exit 102 Kelton Ave. Expect delays.","East Fwy W","R","Columbus","Franklin","OH",25,15.5,88,29.65,1,"SW",9.2,0.02,"snow",FALSE,FALSE,FALSE,FALSE,FALSE,FALSE,FALSE,FALSE,FALSE,FALSE,FALSE,FALSE,FALSE,"Night","Night","Night","Day",30
"23","A-47",201,2,0.01,"Accident on Kenny Rd at Henderson Rd. Expect delays.","Kenny Rd","R","Columbus","Franklin","OH",26.1,15,84,29.63,2,"West",12.7,0,"snow",FALSE,FALSE,FALSE,FALSE,FALSE,FALSE,FALSE,FALSE,FALSE,FALSE,FALSE,FALSE,FALSE,"Night","Night","Night","Day",30
"24","A-48",201,3,0.01,"Right hand shoulder blocked due to accident on I-70 Westbound at Exits 107 107A 107B OH-317 Hamilton Rd.","S Hamilton Rd","R","Columbus","Franklin","OH",24.8,16.1,86,29.64,1,"SW",8.1,0.01,"snow",FALSE,FALSE,FALSE,FALSE,FALSE,FALSE,FALSE,FALSE,FALSE,FALSE,FALSE,FALSE,FALSE,"Night","Night","Night","Day",30
"25","A-51",201,2,0.01,"Accident on OH-48 Main St at Burton Ave. Expect delays.","N Main St","L","Dayton","Montgomery","OH",21.9,9.8,92,29.71,2,"WSW",12.7,0.01,"snow",FALSE,FALSE,FALSE,FALSE,FALSE,FALSE,FALSE,FALSE,FALSE,FALSE,FALSE,FALSE,FALSE,"Night","Night","Day","Day",30
"26","A-52",201,2,0.01,"Accident on Riverside Dr at Pointview Ave. Expect delays.","Riverside Dr","R","Dayton","Montgomery","OH",21.9,9.8,92,29.71,2,"WSW",12.7,0.01,"snow",FALSE,FALSE,FALSE,FALSE,FALSE,FALSE,FALSE,FALSE,FALSE,FALSE,FALSE,FALSE,FALSE,"Night","Night","Day","Day",30
"27","A-53",201,3,0.01,"Accident on I-75 Northbound at Exit 54B Grand Ave. Expect delays.","N Main St","R","Dayton","Montgomery","OH",21.9,9.8,92,29.71,2,"WSW",12.7,0.01,"snow",FALSE,FALSE,FALSE,FALSE,FALSE,FALSE,FALSE,FALSE,FALSE,FALSE,FALSE,FALSE,FALSE,"Night","Night","Day","Day",30
"28","A-55",201,3,0.01,"Accident on I-75 Southbound at Exit 44 OH-725 Miamisburg Centerville Rd. Expect delays.","Miamisburg Centerville Rd","R","Dayton","Montgomery","OH",21,10.6,85,29.69,1.2,"WSW",9.2,0,"snow",FALSE,FALSE,FALSE,FALSE,FALSE,FALSE,FALSE,FALSE,FALSE,FALSE,FALSE,FALSE,FALSE,"Night","Night","Day","Day",30
"29","A-57",201,2,0.01,"Accident on McCall St at Abbey Ave. Expect delays.","Dearborn Ave","L","Dayton","Montgomery","OH",21.9,9.8,92,29.68,2,"WSW",12.7,0,"snow",FALSE,FALSE,FALSE,FALSE,FALSE,FALSE,FALSE,FALSE,FALSE,FALSE,FALSE,FALSE,FALSE,"Night","Day","Day","Day",30
"30","A-58",201,2,0.01,"Accident on Brown St at Fairground Ave. Expect delays.","Brown St","R","Dayton","Montgomery","OH",22.5,12.4,90,29.73,1.2,"SW",9.2,0,"snow",TRUE,FALSE,FALSE,FALSE,FALSE,FALSE,FALSE,FALSE,FALSE,FALSE,FALSE,FALSE,FALSE,"Day","Day","Day","Day",30
"31","A-59",201,2,0.01,"Accident on US-35 Eastbound at Steve Whalen Blvd. Expect delays.","US-35 E","R","Dayton","Montgomery","OH",22.5,12.4,90,29.73,1.2,"SW",9.2,0,"snow",FALSE,FALSE,FALSE,FALSE,FALSE,FALSE,FALSE,FALSE,FALSE,FALSE,FALSE,FALSE,FALSE,"Day","Day","Day","Day",30
"32","A-60",201,2,0.01,"Accident on US-35 Eastbound at Smithville Rd. Expect delays.","US-35 E","R","Dayton","Montgomery","OH",22.5,12.4,90,29.73,1.2,"SW",9.2,0,"snow",FALSE,FALSE,FALSE,FALSE,FALSE,FALSE,FALSE,FALSE,FALSE,FALSE,FALSE,FALSE,FALSE,"Day","Day","Day","Day",30
"33","A-61",201,3,0.01,"Accident on I-270 Outerbelt Southbound at Exit 26 I-71.","North Fwy S","R","Columbus","Franklin","OH",24.8,16.1,86,29.65,1.8,"West",8.1,0,"snow",FALSE,FALSE,FALSE,FALSE,FALSE,FALSE,FALSE,FALSE,FALSE,FALSE,FALSE,FALSE,FALSE,"Day","Day","Day","Day",30
"34","A-62",201,2,0,"Accident on 5 Oaks Ave at Forest Ave. Expect delays.","5 Oaks Ave","R","Dayton","Montgomery","OH",21.2,8.9,93,29.69,2,"West",12.7,0,"snow",FALSE,FALSE,FALSE,FALSE,FALSE,FALSE,FALSE,FALSE,FALSE,FALSE,FALSE,FALSE,FALSE,"Day","Day","Day","Day",30
"35","A-63",201,2,0.01,"Accident on US-42 State Route 42 at Middletown Rd. Expect delays.","N State Route 42","R","Waynesville","Warren","OH",21,10.6,81,29.7,1.2,"WSW",9.2,0,"snow",FALSE,FALSE,FALSE,FALSE,FALSE,FALSE,FALSE,FALSE,FALSE,FALSE,FALSE,FALSE,FALSE,"Day","Day","Day","Day",30
"36","A-64",201,2,0.01,"Accident on County Hwy-119 Clearcreek Rd near Tamarack Trl. Expect delays.","Clearcreek Rd","R","Springboro","Warren","OH",21,10.6,81,29.7,1.2,"WSW",9.2,0,"snow",FALSE,FALSE,FALSE,FALSE,FALSE,FALSE,FALSE,FALSE,FALSE,FALSE,FALSE,FALSE,FALSE,"Day","Day","Day","Day",30
"37","A-65",201,2,0,"Accident on US-33 Columbus Lancaster Rd Westbound near County Hwy-20 Pickerington Rd. Expect delays.","Columbus Lancaster Rd NW","R","Carroll","Fairfield","OH",21.9,10.4,85,29.7,0.8,"SW",11.5,0,"snow",FALSE,FALSE,FALSE,FALSE,FALSE,FALSE,FALSE,FALSE,FALSE,FALSE,FALSE,FALSE,FALSE,"Day","Day","Day","Day",30
"38","A-66",201,3,0.01,"Accident on I-75 Southbound at I-675. Expect delays.","I-75 N","R","Miamisburg","Montgomery","OH",21,10.6,81,29.7,1.2,"WSW",9.2,0,"snow",FALSE,FALSE,FALSE,FALSE,FALSE,FALSE,FALSE,FALSE,FALSE,FALSE,FALSE,FALSE,FALSE,"Day","Day","Day","Day",30
"39","A-67",201,3,0.01,"Right hand shoulder blocked due to accident on I-71 Southbound at Exit 36 County Hwy-7 Wilmington Rd.","Wilmington Rd","R","Oregonia","Warren","OH",21,10.6,81,29.7,1.2,"WSW",9.2,0,"snow",FALSE,FALSE,FALSE,FALSE,FALSE,FALSE,FALSE,FALSE,FALSE,FALSE,FALSE,FALSE,FALSE,"Day","Day","Day","Day",30
"40","A-71",241,2,0.01,"One lane blocked due to accident on Main St Southbound at Lake Cascade Pkwy.","S Main St","L","Findlay","Hancock","OH",27,13.5,81,29.64,2.5,"WSW",19.6,0,"snow",FALSE,FALSE,TRUE,FALSE,FALSE,FALSE,FALSE,FALSE,FALSE,FALSE,FALSE,TRUE,FALSE,"Day","Day","Day","Day",30
"41","A-73",241,3,0.01,"One lane blocked due to accident on OH-315 Olentangy Fwy Northbound at Goodale St.","Twin Rivers Dr","L","Columbus","Franklin","OH",15.8,2.7,73,29.87,4,"WSW",11.5,0,"snow",FALSE,FALSE,FALSE,FALSE,FALSE,FALSE,FALSE,FALSE,FALSE,FALSE,FALSE,FALSE,FALSE,"Night","Night","Night","Day",180
"42","A-74",201,2,0,"Accident on Vista Dr at Hamilton Rd.","N Hamilton Rd","R","Columbus","Franklin","OH",15.8,2.7,73,29.87,4,"WSW",11.5,0,"snow",FALSE,FALSE,FALSE,FALSE,FALSE,FALSE,FALSE,FALSE,FALSE,FALSE,FALSE,FALSE,FALSE,"Night","Night","Night","Day",30
"43","A-75",201,2,0.01,"Accident on OH-444 Central Ave at Kauffman Ave. Expect delays.","S Central Ave","R","Fairborn","Greene","OH",15.4,1,82,29.95,7,"SW",13.8,0,"snow",FALSE,FALSE,TRUE,FALSE,FALSE,FALSE,TRUE,FALSE,FALSE,FALSE,FALSE,FALSE,FALSE,"Night","Night","Day","Day",30
"44","A-77",201,3,0.01,"Accident on I-270 Outerbelt Eastbound at Exit 43A-B/41A-B US-40 Main St. Expect delays.","Outerbelt N","R","Columbus","Franklin","OH",15.1,4.2,77,29.92,1,"SW",8.1,0.01,"snow",FALSE,FALSE,FALSE,FALSE,FALSE,FALSE,FALSE,FALSE,FALSE,FALSE,FALSE,FALSE,FALSE,"Day","Day","Day","Day",30
"45","A-79",201,2,0,"Accident on Indianola Ave at Oakland Ave. Expect delays.","Indianola Ave","L","Columbus","Franklin","OH",16,1.7,81,29.91,1.5,"WSW",13.8,0,"snow",FALSE,FALSE,FALSE,FALSE,FALSE,FALSE,FALSE,FALSE,FALSE,FALSE,FALSE,FALSE,FALSE,"Day","Day","Day","Day",30
"46","A-81",201,2,0.01,"Accident on US-40 Main St Eastbound at Cypress Aly.","E Main St","R","Reynoldsburg","Franklin","OH",16,4.4,77,29.93,1,"WSW",9.2,0,"snow",FALSE,FALSE,FALSE,FALSE,FALSE,FALSE,FALSE,FALSE,TRUE,FALSE,FALSE,FALSE,FALSE,"Day","Day","Day","Day",30
"47","A-84",241,3,0.01,"One lane blocked due to accident on I-670 Eastbound at Exit 7 US-62. Expect delays.","E 5th Ave","R","Columbus","Franklin","OH",17.1,3,77,29.96,1.5,"West",13.8,0,"snow",FALSE,FALSE,FALSE,FALSE,FALSE,FALSE,FALSE,FALSE,FALSE,FALSE,FALSE,FALSE,FALSE,"Day","Day","Day","Day",30
"48","A-86",201,3,1.28,"Left lane blocked due to accident on I-77 Northbound between Exit 130 OH-261 Vernon Odom Blvd and Exit 131 OH-162 Copley Rd.","Copley Rd","L","Akron","Summit","OH",19.9,7.3,78,29.87,4,"WNW",12.7,0,"snow",FALSE,FALSE,FALSE,FALSE,FALSE,FALSE,FALSE,FALSE,FALSE,FALSE,FALSE,FALSE,FALSE,"Night","Day","Day","Day",350
"49","A-87",201,3,0.01,"Accident on I-71 Northbound in Crimson. Approach with care.","I-71 N","R","Mansfield","Richland","OH",16,2.9,77,29.97,7,"WSW",11.5,0,"cloudy",FALSE,FALSE,FALSE,FALSE,FALSE,FALSE,FALSE,FALSE,FALSE,FALSE,FALSE,FALSE,FALSE,"Night","Night","Day","Day",30
"50","A-88",201,3,0.01,"Accident on I-480 Westbound at Exit 9 OH-17 Brookpark Rd. Expect delays.","Grayton Rd","R","Cleveland","Cuyahoga","OH",14,0.5,56,30.14,9,"NW",11.5,0,"snow",FALSE,FALSE,FALSE,FALSE,TRUE,FALSE,FALSE,FALSE,FALSE,FALSE,FALSE,FALSE,FALSE,"Night","Night","Night","Night",30
"51","A-89",201,3,0.01,"Accident on I-77 Southbound at Exit 130 OH-261 Vernon Odom Blvd. Expect delays.","Vernon Odom Blvd","L","Akron","Summit","OH",14,1.2,74,30.03,4,"NW",10.4,0,"snow",FALSE,FALSE,FALSE,FALSE,FALSE,FALSE,FALSE,FALSE,FALSE,FALSE,FALSE,FALSE,FALSE,"Night","Night","Night","Night",30
"52","A-95",201,3,0.01,"Accident on I-77 Northbound at Exit 133 Ridgewood Rd. Expect delays.","I-77 S","R","Akron","Summit","OH",12,0.5,80,30.08,2,"West",8.1,0,"snow",FALSE,FALSE,FALSE,FALSE,FALSE,FALSE,FALSE,FALSE,FALSE,FALSE,FALSE,FALSE,FALSE,"Night","Day","Day","Day",30
"53","A-121",201,3,0.01,"Right lane blocked due to accident on I-71 Southbound at Exit 110B 11th Ave.","North Fwy S","R","Columbus","Franklin","OH",17.1,11.7,62,30.35,10,"SW",3.5,0,"cloudy",FALSE,FALSE,FALSE,FALSE,FALSE,FALSE,FALSE,FALSE,FALSE,FALSE,FALSE,FALSE,FALSE,"Night","Night","Night","Day",98
"54","A-124",201,2,0.01,"Accident on Stanley Ave at Helena St.","Stanley Ave","R","Dayton","Montgomery","OH",25.5,12.9,66,30.11,7,"West",16.1,0,"snow",FALSE,FALSE,FALSE,FALSE,FALSE,FALSE,FALSE,FALSE,FALSE,FALSE,FALSE,FALSE,FALSE,"Day","Day","Day","Day",45
"55","A-125",246,3,1.67,"Three lanes blocked due to accident on I-71 Southbound between Exit 121 Polaris Pkwy and Exits 119 119A 119B I-270 Outerbelt.","North Fwy S","R","Columbus","Franklin","OH",23,11.1,80,30.03,3,"West",12.7,0,"snow",FALSE,FALSE,FALSE,FALSE,TRUE,FALSE,FALSE,FALSE,FALSE,FALSE,FALSE,FALSE,FALSE,"Day","Day","Day","Day",64.5333333333333
"56","A-126",201,3,0.94,"Left lane blocked due to accident on I-270 Outerbelt Eastbound between Exits 22 22A 22B OH-315 Olentangy Fwy and Exit 23 US-23 High St.","N High St","R","Columbus","Franklin","OH",19,1.6,71,30.14,5,"NW",24.2,0,"snow",FALSE,FALSE,FALSE,FALSE,FALSE,FALSE,FALSE,FALSE,FALSE,FALSE,FALSE,FALSE,FALSE,"Night","Night","Night","Night",235
"57","A-127",201,3,0.94,"Left lane blocked due to accident on I-270 Outerbelt Westbound between Exit 23 US-23 High St and Exits 22 22A 22B OH-315 Olentangy Fwy.","Outerbelt E","R","Columbus","Franklin","OH",19,1.6,71,30.14,5,"NW",24.2,0,"snow",FALSE,FALSE,FALSE,FALSE,TRUE,FALSE,FALSE,FALSE,FALSE,FALSE,FALSE,FALSE,FALSE,"Night","Night","Night","Night",227
"58","A-129",201,3,0.01,"Accident on I-70 Eastbound at Exits 108 108A-B I-270 Outerbelt.","I-70 E","R","Columbus","Franklin","OH",16,1.7,68,30.25,10,"NW",13.8,0,"cloudy",FALSE,FALSE,FALSE,FALSE,FALSE,FALSE,FALSE,FALSE,FALSE,FALSE,FALSE,FALSE,FALSE,"Night","Night","Night","Night",72
"59","A-139",201,3,0.01,"Accident on I-270 Outerbelt Northbound at Exit 39 OH-16 Broad St.","E Broad St","R","Columbus","Franklin","OH",15.8,3.4,79,30.24,0.5,"ESE",10.4,0,"snow",FALSE,FALSE,FALSE,FALSE,TRUE,FALSE,FALSE,FALSE,FALSE,FALSE,FALSE,FALSE,FALSE,"Night","Day","Day","Day",74.6166666666667
"60","A-143",241,3,0.71,"Lane blocked due to accident on I-670 Westbound between i-71 North Fwy Exits 109A 109B and Third St.","I-670 W","R","Columbus","Franklin","OH",21.9,14.5,89,30.06,5,"SE",5.8,0,"snow",FALSE,FALSE,FALSE,FALSE,TRUE,FALSE,FALSE,FALSE,FALSE,FALSE,FALSE,FALSE,FALSE,"Night","Night","Night","Night",30
"61","A-145",241,2,2.04,"Lane blocked due to accident on OH-315 Innerbelt Southbound from Olentangy River Rd to I-670.","North Innerbelt W","R","Columbus","Franklin","OH",23,15.8,86,30.03,3,"SE",5.8,0,"snow",FALSE,FALSE,FALSE,FALSE,FALSE,FALSE,FALSE,FALSE,FALSE,FALSE,FALSE,FALSE,FALSE,"Night","Day","Day","Day",30
"62","A-146",201,3,0.01,"Accident on Webster St at Wagoner Ford Rd.","Webster St","L","Dayton","Montgomery","OH",23,15.8,96,30.03,0.2,"SSE",5.8,0,"snow",FALSE,FALSE,FALSE,FALSE,FALSE,FALSE,FALSE,FALSE,FALSE,FALSE,FALSE,FALSE,FALSE,"Night","Day","Day","Day",30
"63","A-147",241,2,0,"Lane blocked due to accident on Heritage Park Blvd at Greeley Ave.","Greeley Ave","L","Dayton","Montgomery","OH",24.1,17,98,30.04,1.5,"SSE",5.8,0,"snow",FALSE,FALSE,FALSE,FALSE,FALSE,FALSE,FALSE,FALSE,FALSE,FALSE,FALSE,FALSE,FALSE,"Night","Day","Day","Day",30
"64","A-150",241,2,0.01,"Lane blocked due to accident on Wagoner Ford Rd at Chuck Wagner Ln.","Chuck Wagner Ln","R","Dayton","Montgomery","OH",24.1,18.2,96,30.02,0.8,"SE",4.6,0,"snow",FALSE,FALSE,FALSE,FALSE,FALSE,FALSE,FALSE,FALSE,FALSE,FALSE,FALSE,FALSE,FALSE,"Night","Day","Day","Day",30
"65","A-151",201,2,0,"Accident on Westlake Ave at Torrington Ave.","Westlake Ave","L","Cleveland","Cuyahoga","OH",21,9.3,85,30.1,4,"SSE",11.5,0,"snow",FALSE,FALSE,FALSE,FALSE,FALSE,FALSE,FALSE,FALSE,FALSE,FALSE,FALSE,FALSE,FALSE,"Day","Day","Day","Day",30
"66","A-152",241,3,0.01,"Lane blocked due to accident on I-75 Northbound at Exits 52 52B US-35.","I-75 S","R","Dayton","Montgomery","OH",24.1,18.2,96,30.02,0.8,"SE",4.6,0,"snow",FALSE,FALSE,FALSE,FALSE,FALSE,FALSE,FALSE,FALSE,FALSE,FALSE,FALSE,FALSE,FALSE,"Day","Day","Day","Day",30
"67","A-154",241,2,0.01,"Lane blocked due to accident on Livingston Ave at Yearling Rd.","S Yearling Rd","L","Columbus","Franklin","OH",24.1,17,91,30.06,1,"SE",5.8,0.01,"snow",FALSE,FALSE,FALSE,FALSE,FALSE,FALSE,FALSE,FALSE,TRUE,FALSE,FALSE,TRUE,FALSE,"Day","Day","Day","Day",30
"68","A-155",241,2,0.01,"Lane blocked due to accident on Siebenthaler Ave at Klepinger Rd.","Klepinger Rd","L","Dayton","Montgomery","OH",25,17.1,96,29.99,0.8,"South",6.9,0,"cloudy",FALSE,FALSE,FALSE,FALSE,FALSE,FALSE,FALSE,FALSE,FALSE,FALSE,FALSE,FALSE,FALSE,"Day","Day","Day","Day",30
"69","A-156",241,2,0.01,"Lane blocked due to accident on OH-161 New Albany Expy Eastbound at Sunbury Rd.","S Sunbury Rd","R","Westerville","Franklin","OH",24.1,17,91,30.06,1,"SE",5.8,0.01,"snow",FALSE,FALSE,FALSE,FALSE,FALSE,FALSE,FALSE,FALSE,FALSE,FALSE,FALSE,TRUE,FALSE,"Day","Day","Day","Day",30
"70","A-158",201,2,0.01,"Accident on OH-161 Dublin Granville Rd at Ponderosa Dr.","E Dublin Granville Rd","R","Columbus","Franklin","OH",26.1,19.4,88,30.06,1,"SSE",5.8,0.01,"snow",FALSE,FALSE,FALSE,FALSE,FALSE,FALSE,FALSE,FALSE,FALSE,FALSE,FALSE,TRUE,FALSE,"Day","Day","Day","Day",30
"71","A-159",201,2,0,"Accident on 4th St at Philadelphia St.","E 4th St","L","Dayton","Montgomery","OH",27,23,98,30.04,2.5,"SSW",3.5,0,"snow",FALSE,FALSE,FALSE,FALSE,FALSE,FALSE,FALSE,FALSE,FALSE,FALSE,FALSE,FALSE,FALSE,"Day","Day","Day","Day",30
"72","A-163",201,2,0.01,"Accident on OH-317 Hamilton Rd near Sawyer Rd.","Sawyer Rd","R","Columbus","Franklin","OH",30.9,23.5,89,29.99,2,"South",8.1,0,"cloudy",FALSE,FALSE,FALSE,FALSE,FALSE,FALSE,FALSE,FALSE,FALSE,FALSE,FALSE,TRUE,FALSE,"Day","Day","Day","Day",30
"73","A-168",241,3,0.01,"One lane blocked due to accident on I-270 Outerbelt Westbound at Exit 23 US-23 High St. Expect delays.","N High St","R","Columbus","Franklin","OH",32,24.8,100,29.71,1.2,"NW",8.1,0.04,"snow",FALSE,FALSE,FALSE,FALSE,FALSE,FALSE,FALSE,FALSE,FALSE,FALSE,FALSE,FALSE,FALSE,"Night","Night","Night","Night",30
"74","A-169",201,3,0.01,"Accident on I-77 Northbound at Exit 138 Ghent Rd. Expect delays.","I-77 S","R","Akron","Summit","OH",34,28,89,29.67,1.2,"North",6.9,0.03,"snow",FALSE,FALSE,FALSE,FALSE,TRUE,FALSE,FALSE,FALSE,FALSE,FALSE,FALSE,FALSE,FALSE,"Night","Night","Night","Night",30
"75","A-172",241,3,0.01,"One lane blocked due to accident on I-270 Outerbelt Westbound at Exit 23 US-23 High St.","N High St","R","Columbus","Franklin","OH",33.1,26.1,96,29.71,5,"NNW",8.1,0,"cloudy",FALSE,FALSE,FALSE,FALSE,FALSE,FALSE,FALSE,FALSE,FALSE,FALSE,FALSE,FALSE,FALSE,"Night","Night","Night","Day",45
"76","A-173",201,3,0.01,"Accident on I-270 Outerbelt Northbound at Exits 17A 17B US-33 Columbus Marysville Rd. Expect delays.","Columbus Marysville Rd N","R","Dublin","Franklin","OH",33.1,26.1,96,29.71,5,"NNW",8.1,0,"cloudy",FALSE,FALSE,FALSE,FALSE,FALSE,FALSE,FALSE,FALSE,FALSE,FALSE,FALSE,FALSE,FALSE,"Night","Night","Night","Day",30
"77","A-175",201,2,0.01,"Accident on OH-3 Westerville Rd at Ferris Rd / Walnut Creek Dr. Expect delays.","Westerville Rd","R","Columbus","Franklin","OH",32,23.6,92,29.71,2,"NNW",10.4,0.01,"cloudy",FALSE,FALSE,FALSE,FALSE,FALSE,FALSE,FALSE,FALSE,FALSE,FALSE,FALSE,FALSE,FALSE,"Night","Night","Day","Day",30
"78","A-178",341,3,0.01,"One lane blocked due to jackknifed truck on I-71 Southbound at Exits 231 231A 231B OH-82 Royalton Rd. Expect delays.","I-71 N","R","Strongsville","Cuyahoga","OH",32,24.8,92,29.73,1.8,"North",8.1,0.02,"snow",FALSE,FALSE,FALSE,FALSE,FALSE,FALSE,FALSE,FALSE,FALSE,FALSE,FALSE,FALSE,FALSE,"Night","Night","Day","Day",30
"79","A-186",201,2,0.01,"Accident on US-42 2nd St at US-42 Hedges St / 2nd St. Expect delays.","E 2nd St","L","Mansfield","Richland","OH",30,21.1,100,29.73,5,"NNW",10.4,0,"cloudy",FALSE,FALSE,FALSE,FALSE,FALSE,FALSE,FALSE,FALSE,FALSE,FALSE,FALSE,TRUE,FALSE,"Day","Day","Day","Day",30
"80","A-187",201,3,0.01,"Accident on I-77 Southbound at Exit 130 OH-261 Vernon Odom Blvd. Expect delays.","Vernon Odom Blvd","L","Akron","Summit","OH",34,28,89,29.68,1.8,"North",6.9,0,"snow",FALSE,FALSE,FALSE,FALSE,FALSE,FALSE,FALSE,FALSE,FALSE,FALSE,FALSE,FALSE,FALSE,"Day","Day","Day","Day",30
"81","A-199",201,2,0.01,"Accident on Riverview Ave at Salem Ave. Expect delays.","Salem Ave","R","Dayton","Montgomery","OH",30,24.1,92,29.82,1.8,"NW",5.8,0,"snow",FALSE,FALSE,TRUE,FALSE,FALSE,FALSE,FALSE,FALSE,FALSE,FALSE,FALSE,FALSE,FALSE,"Day","Day","Day","Day",30
"82","A-205",406,3,0.01,"Entry ramp closed due to accident on I-270 Outerbelt Westbound at Exits 35A 35B I-670 Northeast Fwy.","Northeast Fwy S","R","Columbus","Franklin","OH",32,24.2,75,29.82,7,"WNW",9.2,0,"cloudy",FALSE,FALSE,FALSE,FALSE,TRUE,FALSE,FALSE,FALSE,FALSE,FALSE,FALSE,FALSE,FALSE,"Day","Day","Day","Day",253
"83","A-210",201,2,0.01,"Accident on OH-21 Northbound at I-77. Expect delays.","I-77 N","R","Akron","Summit","OH",28,21.7,81,30.03,7,"SW",5.8,0,"cloudy",FALSE,FALSE,FALSE,FALSE,FALSE,FALSE,FALSE,FALSE,FALSE,FALSE,FALSE,FALSE,FALSE,"Night","Night","Day","Day",30
"84","A-213",201,3,0.01,"Accident on I-77 Northbound at Exit 130 OH-261 Vernon Odom Blvd. Expect delays.","Vernon Odom Blvd","L","Akron","Summit","OH",28,21.7,81,30.03,7,"SW",5.8,0,"cloudy",FALSE,FALSE,FALSE,FALSE,FALSE,FALSE,FALSE,FALSE,FALSE,FALSE,FALSE,FALSE,FALSE,"Day","Day","Day","Day",30
"85","A-224",201,3,0.01,"Accident on I-480 Eastbound at Exit 20A-B I-77. Expect delays.","Outerbelt South Fwy W","R","Independence","Cuyahoga","OH",30,21.1,82,30.05,6,"WSW",10.4,0,"snow",FALSE,FALSE,FALSE,FALSE,FALSE,FALSE,FALSE,FALSE,FALSE,FALSE,FALSE,FALSE,FALSE,"Day","Day","Day","Day",30
"86","A-352",201,2,0.01,"Accident on OH-741 Springboro Pike at Cardington Rd. Expect delays.","Springboro Pike","R","Moraine","Montgomery","OH",41,31.6,93,29.43,4,"ENE",20.7,0,"rain",FALSE,FALSE,FALSE,FALSE,FALSE,FALSE,FALSE,FALSE,FALSE,FALSE,FALSE,FALSE,FALSE,"Night","Night","Night","Night",30
"87","A-353",248,2,0.01,"Delays expected due to accident on Byers Rd at OH-725 Miamisburg Centerville Rd / Watertower Ln.","Byers Rd","R","Dayton","Montgomery","OH",42.1,33.9,89,29.4,3,"NE",17.3,0.06,"rain",FALSE,FALSE,TRUE,FALSE,FALSE,FALSE,FALSE,FALSE,FALSE,FALSE,FALSE,TRUE,FALSE,"Night","Night","Night","Night",30
"88","A-354",201,3,0.01,"Accident on I-75 Southbound at Exit 51 Edwin C Moses Blvd. Expect delays.","I-75 N","R","Dayton","Montgomery","OH",37.9,27.3,100,29.46,2.5,"NE",21.9,0.18,"rain",FALSE,FALSE,FALSE,FALSE,FALSE,FALSE,FALSE,FALSE,FALSE,FALSE,FALSE,FALSE,FALSE,"Night","Night","Night","Night",30
"89","A-355",201,3,0.01,"Accident on I-75 Southbound at Exit 179 US-6 Grand Army of the Republic Hwy. Expect delays.","Grand Army of the Republic Hwy","R","Bowling Green","Wood","OH",33.1,23,85,29.72,3,"NE",15,0.05,"rain",FALSE,FALSE,FALSE,FALSE,FALSE,FALSE,FALSE,FALSE,FALSE,FALSE,FALSE,FALSE,FALSE,"Night","Night","Night","Day",30
"90","A-356",201,3,0.01,"Accident on I-675 Northbound at Exit 24 OH-444 Broad St. Expect delays.","I-675 N","R","Fairborn","Greene","OH",39.2,29.8,100,29.45,6,"ENE",18.4,0.16,"rain",FALSE,FALSE,FALSE,FALSE,FALSE,FALSE,FALSE,FALSE,FALSE,FALSE,FALSE,FALSE,FALSE,"Night","Night","Day","Day",30
"91","A-357",201,2,0.01,"Accident on OH-741 Springboro Pike at Miami Village Dr. Expect delays.","Miami Village Dr","R","Miamisburg","Montgomery","OH",42.1,34.9,92,29.37,4,"NE",13.8,0.09,"rain",FALSE,FALSE,TRUE,FALSE,FALSE,FALSE,FALSE,FALSE,FALSE,FALSE,FALSE,TRUE,FALSE,"Night","Night","Day","Day",30
"92","A-358",201,2,0.01,"Accident pedestrian involved on OH-202 Troy Pike at Executive Blvd. Expect delays.","Troy Pike","R","Dayton","Montgomery","OH",40.6,34.8,99,29.4,9,"ENE",9.2,0.1,"rain",FALSE,FALSE,FALSE,FALSE,FALSE,FALSE,FALSE,FALSE,FALSE,FALSE,FALSE,FALSE,FALSE,"Night","Night","Day","Day",30
"93","A-359",201,2,0.01,"Accident on Sunbury Rd at Morse Rd. Expect delays.","Morse Rd","R","Columbus","Franklin","OH",42.8,38,87,29.47,9,"East",8.1,0.05,"rain",FALSE,FALSE,FALSE,FALSE,FALSE,FALSE,FALSE,FALSE,FALSE,FALSE,FALSE,TRUE,FALSE,"Night","Night","Day","Day",30
"94","A-360",201,3,0.01,"Accident on I-480 Eastbound at Exit 17 OH-17 Brookpark Rd. Expect delays.","I-480 E","R","Cleveland","Cuyahoga","OH",33.8,23.9,100,29.66,2.5,"NE",15,0.11,"rain",FALSE,FALSE,FALSE,FALSE,FALSE,FALSE,FALSE,FALSE,FALSE,FALSE,FALSE,FALSE,FALSE,"Night","Day","Day","Day",30
"95","A-361",201,3,0.94,"Accident on I-75 Southbound from Exit 57 Wagner Ford Rd to Exit 56 Stanley Ave. Expect delays.","Stanley Ave","R","Dayton","Montgomery","OH",40.6,34.8,99,29.4,9,"ENE",9.2,0.1,"rain",FALSE,FALSE,FALSE,FALSE,FALSE,FALSE,FALSE,FALSE,FALSE,FALSE,FALSE,FALSE,FALSE,"Night","Day","Day","Day",30
"96","A-362",201,2,0.01,"Accident on OH-4 State Route 4 Southbound at Adams Rd. Expect delays.","Adams Rd","R","Dayton","Greene","OH",40.6,34.8,99,29.4,9,"ENE",9.2,0.1,"rain",FALSE,FALSE,FALSE,FALSE,FALSE,FALSE,FALSE,FALSE,FALSE,FALSE,FALSE,FALSE,FALSE,"Night","Day","Day","Day",30
"97","A-363",201,2,0.01,"Accident on OH-21 before I-76. Expect delays.","OH-21 N","R","Barberton","Summit","OH",39.9,32.5,86,29.59,4,"ENE",12.7,0.22,"rain",FALSE,FALSE,FALSE,FALSE,FALSE,FALSE,FALSE,FALSE,FALSE,FALSE,FALSE,FALSE,FALSE,"Day","Day","Day","Day",30
"98","A-365",201,2,0.01,"Accident on Wayne Ave at US-35. Expect delays.","US-35 E","R","Dayton","Montgomery","OH",40.6,34.8,99,29.4,9,"ENE",9.2,0.1,"rain",FALSE,FALSE,FALSE,FALSE,FALSE,FALSE,FALSE,FALSE,FALSE,FALSE,FALSE,FALSE,FALSE,"Day","Day","Day","Day",30
"99","A-368",201,2,0.01,"Accident on Stroop Rd at OH-741 Springboro Pike.","Springboro Pike","L","Moraine","Montgomery","OH",44.1,36.8,89,29.32,5,"ENE",16.1,0.04,"rain",FALSE,FALSE,FALSE,FALSE,FALSE,FALSE,FALSE,FALSE,FALSE,FALSE,FALSE,FALSE,FALSE,"Day","Day","Day","Day",30
"100","A-369",201,2,0.01,"Accident on OH-21 at OH-585 Wooster Rd.","OH-21 N","R","Barberton","Summit","OH",39.9,32.5,89,29.55,4,"East",12.7,0.16,"rain",FALSE,FALSE,FALSE,FALSE,TRUE,FALSE,FALSE,FALSE,FALSE,FALSE,FALSE,FALSE,FALSE,"Day","Day","Day","Day",30
"101","A-370",241,3,0.01,"One lane blocked due to accident on I-675 Southbound at Exit 24 OH-444 Broad St. Expect delays.","I-675 N","R","Fairborn","Greene","OH",41,33.1,99,29.37,3,"NNE",15,0.08,"rain",FALSE,FALSE,FALSE,FALSE,FALSE,FALSE,FALSE,FALSE,FALSE,FALSE,FALSE,FALSE,FALSE,"Day","Day","Day","Day",30
"102","A-371",201,3,0.01,"Accident on I-76 Eastbound at Exit 19 Kenmore Blvd. Expect delays.","I-76 E","R","Akron","Summit","OH",39.9,32.5,89,29.55,4,"East",12.7,0.16,"rain",FALSE,FALSE,FALSE,FALSE,FALSE,FALSE,FALSE,FALSE,FALSE,FALSE,FALSE,FALSE,FALSE,"Day","Day","Day","Day",30
"103","A-372",201,3,0.01,"Accident on I-77 Northbound at Exits 155 156 I-480. Expect delays.","Outerbelt South Fwy W","R","Independence","Cuyahoga","OH",35.1,24.5,92,29.6,2,"NE",18.4,0.19,"rain",FALSE,FALSE,FALSE,FALSE,FALSE,FALSE,FALSE,FALSE,FALSE,FALSE,FALSE,FALSE,FALSE,"Day","Day","Day","Day",30
"104","A-373",201,3,0.01,"Accident on I-76 Eastbound at Exit 17A State St. Expect delays.","US-224 E","R","Barberton","Summit","OH",39.9,32.5,89,29.55,4,"East",12.7,0.16,"rain",FALSE,FALSE,FALSE,FALSE,FALSE,FALSE,FALSE,FALSE,FALSE,FALSE,FALSE,FALSE,FALSE,"Day","Day","Day","Day",30
"105","A-374",201,2,0.01,"Accident on Nutt Rd at OH-48 Dayton Lebanon Pike. Expect delays.","Dayton Lebanon Pike","R","Dayton","Montgomery","OH",44.1,37.1,93,29.31,1.8,"ENE",15,0.02,"rain",FALSE,FALSE,FALSE,FALSE,FALSE,FALSE,FALSE,FALSE,FALSE,FALSE,FALSE,FALSE,FALSE,"Day","Day","Day","Day",30
"106","A-375",201,1,0,"Accident on North Ave at Old Byesville Rd.","Old Byesville Rd","L","Cambridge","Guernsey","OH",46,40.6,86,29.46,7,"East",11.5,0.08,"rain",FALSE,FALSE,FALSE,FALSE,FALSE,FALSE,FALSE,FALSE,FALSE,FALSE,FALSE,FALSE,FALSE,"Day","Day","Day","Day",30
"107","A-376",201,2,0.01,"Accident on Arbor Blvd at Springboro Rd. Expect delays.","Arbor Blvd","R","Moraine","Montgomery","OH",44.1,37.1,93,29.31,1.8,"ENE",15,0.02,"rain",FALSE,FALSE,FALSE,FALSE,FALSE,FALSE,FALSE,FALSE,FALSE,FALSE,FALSE,FALSE,FALSE,"Day","Day","Day","Day",30
"108","A-377",201,2,0.01,"Accident on 5th St at Keowee St. Expect delays.","S Keowee St","L","Dayton","Montgomery","OH",41,33.1,99,29.37,3,"NNE",15,0.08,"rain",FALSE,FALSE,FALSE,FALSE,FALSE,FALSE,FALSE,FALSE,FALSE,FALSE,FALSE,FALSE,FALSE,"Day","Day","Day","Day",30
"109","A-378",201,2,0.01,"Accident on Hillcrest Ave at England Ave. Expect delays.","W Hillcrest Ave","R","Dayton","Montgomery","OH",39,30.6,96,29.33,1.8,"NE",15,0.05,"rain",FALSE,FALSE,FALSE,FALSE,FALSE,FALSE,FALSE,FALSE,FALSE,FALSE,FALSE,FALSE,FALSE,"Day","Day","Day","Day",30
"110","A-379",201,2,0.01,"Accident on Linden Ave at Xenia Ave. Expect delays.","Linden Ave","L","Dayton","Montgomery","OH",41,33.1,99,29.37,3,"NNE",15,0.08,"rain",FALSE,FALSE,FALSE,FALSE,FALSE,FALSE,FALSE,FALSE,FALSE,FALSE,FALSE,FALSE,FALSE,"Day","Day","Day","Day",30
"111","A-381",201,2,0.01,"Accident on Wilmington Ave at Shroyer Rd. Expect delays.","Shroyer Rd","L","Dayton","Montgomery","OH",45,37.9,90,29.29,2,"ENE",16.1,0.06,"rain",FALSE,FALSE,FALSE,FALSE,FALSE,FALSE,FALSE,FALSE,FALSE,FALSE,FALSE,TRUE,FALSE,"Day","Day","Day","Day",30
"112","A-383",241,3,0.01,"One lane blocked due to accident on I-75 Southbound at Exit 179 US-6 Grand Army of the Republic Hwy. Expect delays.","Grand Army of the Republic Hwy","R","Bowling Green","Wood","OH",35.1,25.9,89,29.45,1.5,"NE",13.8,0.02,"rain",FALSE,FALSE,FALSE,FALSE,FALSE,FALSE,FALSE,FALSE,FALSE,FALSE,FALSE,FALSE,FALSE,"Day","Day","Day","Day",30
"113","A-384",201,2,0.01,"Accident on Hillcrest Ave at England Ave.","W Hillcrest Ave","R","Dayton","Montgomery","OH",44.1,39,100,29.24,8,"NE",9.2,0.01,"cloudy",FALSE,FALSE,FALSE,FALSE,FALSE,FALSE,FALSE,FALSE,FALSE,FALSE,FALSE,FALSE,FALSE,"Day","Day","Day","Day",30
"114","A-388",201,2,0,"Accident on Poth Rd at Yearling Rd. Expect delays.","N Yearling Rd","R","Columbus","Franklin","OH",30.2,20.2,93,29.51,3,"West",12.7,0.01,"snow",FALSE,FALSE,FALSE,FALSE,FALSE,FALSE,FALSE,FALSE,FALSE,FALSE,FALSE,FALSE,FALSE,"Night","Night","Day","Day",30
"115","A-389",200,2,0.01,"Multi-vehicle accident on OH-58 Leavitt Rd at County Hwy-57 Russia Rd. Expect delays.","Russia Rd","R","Oberlin","Lorain","OH",30.9,17.8,92,29.45,0.5,"NW",23,0.01,"snow",FALSE,FALSE,FALSE,FALSE,FALSE,FALSE,FALSE,FALSE,FALSE,FALSE,FALSE,FALSE,FALSE,"Day","Day","Day","Day",30
"116","A-390",201,2,0.01,"Accident on Wyoming St at Edgar Ave.","Wyoming St","R","Dayton","Montgomery","OH",33.4,24.3,90,29.65,7,"West",12.7,0.01,"snow",FALSE,FALSE,FALSE,FALSE,FALSE,FALSE,FALSE,FALSE,FALSE,FALSE,FALSE,FALSE,FALSE,"Day","Day","Day","Day",30
"117","A-391",201,3,0.01,"Left hand shoulder blocked due to accident on I-71 Southbound at Exit 117 OH-161 Dublin Granville Rd.","E Dublin Granville Rd","R","Columbus","Franklin","OH",32,21.6,88,29.56,9,"West",15,0,"cloudy",FALSE,FALSE,FALSE,FALSE,FALSE,FALSE,FALSE,FALSE,FALSE,FALSE,FALSE,FALSE,FALSE,"Day","Day","Day","Day",30
"118","A-392",201,2,0.01,"Accident on Ridge Ave at Riverside Dr. Expect delays.","Ridge Ave","R","Dayton","Montgomery","OH",33.1,21.9,89,29.69,4,"WNW",18.4,0,"snow",FALSE,FALSE,FALSE,FALSE,FALSE,FALSE,FALSE,FALSE,FALSE,FALSE,FALSE,FALSE,FALSE,"Day","Day","Day","Day",30
"119","A-394",201,2,0.01,"Accident on OH-741 Springboro Pike at Orchard Run Rd. Expect delays.","Orchard Run Rd","L","Dayton","Montgomery","OH",33.1,24.4,85,29.73,4,"West",11.5,0,"snow",FALSE,FALSE,FALSE,FALSE,FALSE,FALSE,FALSE,FALSE,FALSE,FALSE,FALSE,FALSE,FALSE,"Day","Day","Day","Day",30
"120","A-395",201,2,0.01,"Accident on Lyons Rd at Newmark Dr.","Newmark Dr","R","Miamisburg","Montgomery","OH",35.1,24.5,78,29.79,2.5,"West",18.4,0,"snow",FALSE,FALSE,FALSE,FALSE,FALSE,FALSE,FALSE,FALSE,FALSE,FALSE,FALSE,FALSE,FALSE,"Day","Day","Day","Day",30
"121","A-396",201,2,0.01,"Accident on Shoup Mill Rd at Turner Rd.","N Main St","R","Dayton","Montgomery","OH",33.1,21.2,89,29.89,5,"WNW",20.7,0,"snow",FALSE,FALSE,FALSE,FALSE,FALSE,FALSE,FALSE,FALSE,FALSE,FALSE,FALSE,FALSE,FALSE,"Day","Day","Day","Day",30
"122","A-397",201,2,0.01,"Accident on Needmore Rd at I-75.","Needmore Rd","R","Dayton","Montgomery","OH",33.1,21.2,89,29.89,5,"WNW",20.7,0,"snow",FALSE,FALSE,FALSE,FALSE,FALSE,FALSE,FALSE,FALSE,FALSE,FALSE,FALSE,FALSE,FALSE,"Day","Day","Day","Day",45
"123","A-401",201,3,0.01,"Accident on I-76 Westbound at Exit 17A State St.","US-224 W","R","Barberton","Summit","OH",28.9,19.2,67,30.21,5,"NW",11.5,0,"snow",FALSE,FALSE,FALSE,FALSE,FALSE,FALSE,FALSE,FALSE,FALSE,FALSE,FALSE,FALSE,FALSE,"Day","Day","Day","Day",30
"124","A-409",201,3,0.01,"Accident on I-75 Northbound at Exit 41 Austin Blvd. Expect delays.","I-75 S","R","Miamisburg","Montgomery","OH",39,31,79,29.91,10,"West",13.8,0,"cloudy",FALSE,FALSE,FALSE,FALSE,FALSE,FALSE,FALSE,FALSE,FALSE,FALSE,FALSE,FALSE,FALSE,"Day","Day","Day","Day",30
"125","A-436",201,3,7.07,"Accident on I-75 Northbound from Exit 74 OH-41 Main St to Exit 82 US-36 Ash St. Expect delays.","E Ash St","R","Piqua","Miami","OH",42.8,37.5,93,29.72,4,"South",9.2,0.09,"rain",FALSE,FALSE,FALSE,FALSE,FALSE,FALSE,FALSE,FALSE,FALSE,FALSE,FALSE,FALSE,FALSE,"Day","Day","Day","Day",30
"126","A-444",201,2,0.01,"Accident on OH-741 Springboro Pike at Tech Blvd.","Springboro Pike","L","Miamisburg","Montgomery","OH",39,28,82,29.69,10,"WNW",25.3,0,"cloudy",FALSE,FALSE,TRUE,FALSE,FALSE,FALSE,FALSE,FALSE,FALSE,FALSE,FALSE,TRUE,FALSE,"Night","Day","Day","Day",30
"127","A-449",201,2,0.01,"Accident on OH-82 Royalton Rd at I-77.","E Royalton Rd","R","Brecksville","Cuyahoga","OH",25,14.8,66,30.2,10,"WNW",10.4,0,"cloudy",FALSE,FALSE,FALSE,FALSE,FALSE,FALSE,FALSE,FALSE,FALSE,FALSE,FALSE,FALSE,FALSE,"Day","Day","Day","Day",30
"128","A-460",201,2,0.01,"Accident on OH-132 State Route 132 at OH-123 State Route 123. Expect delays.","State Route 132","L","Blanchester","Clinton","OH",28.9,25.2,78,30.21,4,"SSE",3.5,0,"snow",FALSE,FALSE,FALSE,FALSE,FALSE,FALSE,FALSE,FALSE,FALSE,FALSE,FALSE,FALSE,FALSE,"Day","Day","Day","Day",30
"129","A-462",201,2,0.01,"Accident on 5th St at Keowee St.","S Keowee St","L","Dayton","Montgomery","OH",30.6,24.7,79,30.16,10,"SE",5.8,0,"snow",FALSE,FALSE,FALSE,FALSE,FALSE,FALSE,FALSE,FALSE,FALSE,FALSE,FALSE,FALSE,FALSE,"Day","Day","Day","Day",30
"130","A-464",201,3,0.01,"Accident on I-75 Northbound near Exits 52 52B US-35. Expect delays.","I-75 S","R","Dayton","Montgomery","OH",30,22.4,92,30.1,1,"SSE",8.1,0,"snow",FALSE,FALSE,FALSE,FALSE,FALSE,FALSE,FALSE,FALSE,FALSE,FALSE,FALSE,FALSE,FALSE,"Day","Day","Day","Day",30
"131","A-466",201,2,0,"Accident on Mall Ring Rd at OH-725 Miamisburg Centerville Rd.","Miamisburg Centerville Rd","R","Dayton","Montgomery","OH",34,26,79,30.11,3,"SSE",10.4,0,"snow",FALSE,FALSE,FALSE,FALSE,FALSE,FALSE,FALSE,FALSE,FALSE,FALSE,FALSE,FALSE,FALSE,"Day","Day","Day","Day",30
"132","A-467",201,2,0,"Accident on Davis Ave at Belpre Pl.","Davis Ave","R","Dayton","Montgomery","OH",32,25.6,100,30.14,2.5,"SE",6.9,0,"snow",FALSE,FALSE,FALSE,FALSE,FALSE,FALSE,FALSE,FALSE,FALSE,FALSE,FALSE,FALSE,FALSE,"Day","Day","Day","Day",30
"133","A-468",201,2,0,"Accident on Forest Ave at Grand Ave.","W Grand Ave","R","Dayton","Montgomery","OH",33.1,26.1,96,30.07,1.5,"SSE",8.1,0.01,"snow",TRUE,FALSE,FALSE,FALSE,FALSE,FALSE,FALSE,FALSE,FALSE,FALSE,FALSE,FALSE,FALSE,"Day","Day","Day","Day",45
"134","A-469",201,2,0.01,"Accident on US-35 Westbound at Smithville Rd.","US-35 E","R","Dayton","Montgomery","OH",33.1,26.9,94,30.08,1.5,"SSE",6.9,0.01,"snow",FALSE,FALSE,FALSE,FALSE,FALSE,FALSE,FALSE,FALSE,FALSE,FALSE,FALSE,FALSE,FALSE,"Day","Day","Day","Day",60
"135","A-470",201,2,0.01,"Accident on OH-741 Springboro Pike at Dixie Dr.","S Dixie Dr","R","Dayton","Montgomery","OH",33.1,26.9,89,30.02,1,"SSE",6.9,0.01,"snow",FALSE,FALSE,FALSE,FALSE,FALSE,FALSE,FALSE,FALSE,FALSE,FALSE,FALSE,FALSE,FALSE,"Day","Day","Day","Day",45
"136","A-471",201,2,0,"Accident on Fairfax Dr at Stonecreek Dr.","Stonecreek Dr","R","Pickerington","Fairfield","OH",33.1,26.1,82,30.06,2,"SE",8.1,0,"snow",FALSE,FALSE,FALSE,FALSE,FALSE,FALSE,FALSE,FALSE,FALSE,FALSE,FALSE,FALSE,FALSE,"Day","Day","Day","Day",30
"137","A-473",201,3,0.01,"Accident on Hillcrest Ave at Riverside Dr.","E Hillcrest Ave","R","Dayton","Montgomery","OH",34,27.2,96,30.01,2.5,"South",8.1,0.01,"snow",FALSE,FALSE,FALSE,FALSE,FALSE,FALSE,FALSE,FALSE,FALSE,FALSE,FALSE,FALSE,FALSE,"Day","Day","Day","Day",45
"138","A-474",201,2,0.01,"Accident on OH-48 Main St at Burton Ave.","N Main St","R","Dayton","Montgomery","OH",33.1,26.9,96,30,2,"SE",6.9,0.01,"snow",FALSE,FALSE,FALSE,FALSE,FALSE,FALSE,FALSE,FALSE,FALSE,FALSE,FALSE,FALSE,FALSE,"Day","Day","Day","Day",45
"139","A-476",201,3,0.01,"Right hand shoulder blocked due to accident on I-70 Eastbound at Exits 108 108A-B I-270 Outerbelt.","East Fwy W","R","Columbus","Franklin","OH",30.2,25.4,93,30.03,1.5,"East",4.6,0.01,"snow",FALSE,FALSE,FALSE,FALSE,TRUE,FALSE,FALSE,FALSE,FALSE,FALSE,FALSE,FALSE,FALSE,"Night","Day","Day","Day",30
"140","A-477",201,3,0.01,"Center lane closed due to accident on I-75 Southbound at Exits 53A 53B 1st St.","I-75 N","R","Dayton","Montgomery","OH",32,26.4,100,30.05,1.8,"SE",5.8,0,"snow",FALSE,FALSE,FALSE,FALSE,FALSE,FALSE,FALSE,FALSE,FALSE,FALSE,FALSE,FALSE,FALSE,"Night","Day","Day","Day",248
"141","A-478",406,3,0.01,"Entry ramp closed due to accident on OH-315 Olentangy Fwy Northbound at OH-315 Olentangy Fwy.","Olentangy Fwy N","R","Columbus","Franklin","OH",32,25.6,92,30.02,2.5,"SE",6.9,0,"snow",FALSE,FALSE,FALSE,FALSE,FALSE,FALSE,FALSE,FALSE,FALSE,FALSE,FALSE,FALSE,FALSE,"Night","Night","Night","Night",56
"142","A-479",406,3,0.01,"Entry ramp closed due to accident on OH-315 Olentangy Fwy Northbound at Exit 7 Olentangy River Rd.","W Henderson Rd","R","Columbus","Franklin","OH",32,25.6,92,30.02,2.5,"SE",6.9,0,"snow",FALSE,FALSE,FALSE,FALSE,FALSE,FALSE,FALSE,FALSE,FALSE,FALSE,FALSE,FALSE,FALSE,"Night","Night","Night","Night",30
